1,14 Day Weather Forecast for Dallas Texas,Weather Forecast,1_1,14 Day Weather Forecast Melbourne
2,14 Day Weather Forecast for Dallas Texas,Weather Forecast,1_2,Santa Cruz County Weather Forecast
3,14 Day Weather Forecast for Dallas Texas,Weather Forecast,1_3,7-Day Weather Forecast Fiji
4,2007 f150 shift solenoid replacement cost,2007 f150,1_4,2007 ford f150 xlt triton cost of difverinal
5,2014 Virginia Election Results,Election Results,1_5,Mayoral Election Results GENOA OHIO
6,5 stages of grief in sport,stages grief,1_6,how many stages does grief involve
7,5 stages of grief in sport,stages grief,1_7,5 stages of grief sports injury
8,5 stages of grief in sport,stages grief,1_8,the definition of the five stages of grief
9,5 stages of grief in sport,stages grief,1_9,the 5 stages of grief after captain america died
10,5 stages of grief in sport,stages grief,1_10,who came up with the stages of grief
11,3 important ways coal mining is bad,coal mining,1_11,biggest coal mining states
12,3 important ways coal mining is bad,coal mining,1_12,us coal mining regulations
13,3 important ways coal mining is bad,coal mining,1_13,why coal mining is dangerous activity
14,3 important ways coal mining is bad,coal mining,1_14,how many people have died in coal mining accidents
15,3 important ways coal mining is bad,coal mining,1_15,different types of coal mining
16,3 important ways coal mining is bad,coal mining,1_16,how many new coal mining jobs
17,3 key events that happened in 1400 in england,events happened,1_17,events that have happened since Cantil-Sakauye been a judge
18,3 key events that happened in 1400 in england,events happened,1_18,important events that happened during harry s truman presidency
19,3 key events that happened in 1400 in england,events happened,1_19,major events that happened during the term of president william mckinley
20,3 key events that happened in 1400 in england,events happened,1_20,What historical events happened during Fitzgerald's life time
21,3 key events that happened in 1400 in england,events happened,1_21,important events that happened to millard fillmore
22,9 Digit Zip Code Listing,Zip Code,1_22,Snow Accumulation Totals by Zip Code
23,After Root Canal Infection Symptoms,Root Canal,1_23,Root Canal Symptoms
24,Arbor View High School Colors,High School,1_24,Missouri High School Football State Rankings
25,Arbor View High School Colors,High School,1_25,AP Texas High School Rankings
26,Arbor View High School Colors,High School,1_26,High School Varsity Soccer Rankings
27,Arbor View High School Colors,High School,1_27,Hawaii High School Graduation Dates
28,Arbor View High School Colors,High School,1_28,Sickles High School fax number
29,Bernie Sanders Religion,Bernie Sanders,1_29,where was Bernie Sanders born
30,Clear Bing Search History,Search History,1_30,How to Delete Search History on MSN
31,Clear Bing Search History,Search History,1_31,Clear All Search History Bing
32,Clear Bing Search History,Search History,1_32,Remove Recent Search History
33,Customer Service Team average salary germany,Customer Service,1_33,Comcast Customer Service number
34,Customer Service Team average salary germany,Customer Service,1_34,how much do Customer Service Agent: Ticketing/Gate make in general
35,DNA in the nucleus is found in structures called _____.,DNA nucleus,1_35,difference between DNA in nucleus and mitochondrian
36,DNA in the nucleus is found in structures called _____.,DNA nucleus,1_36,the genetic information needed for protein sythesis is encoded in the DNA contained in the cell nucleus
37,DNA in the nucleus is found in structures called _____.,DNA nucleus,1_37,Name two ways that DNA can be arranged in a cell nucleus
38,DNA in the nucleus is found in structures called _____.,DNA nucleus,1_38,the components of the DNA backbone as found in our nucleus are
39,DNA in the nucleus is found in structures called _____.,DNA nucleus,1_39,DNA is found in the nucleus
40,Dallas Cowboys 2015 Roster,Dallas Cowboys,1_40,Dallas Cowboys Schedule 2015 2016 Printable
41,Dallas Cowboys 2015 Roster,Dallas Cowboys 2015,1_41,Dallas Cowboys Schedule 2015 2016 Printable
42,Dallas Cowboys 2015 Roster,Cowboys 2015,1_42,Dallas Cowboys Schedule 2015 2016 Printable
43,Hawaii High School Graduation Dates,High School,1_43,Arbor View High School Colors
44,Home Remedies for Hot Spots on Dogs,Home Remedies,1_44,Home Remedies for Pet Itching
45,Home Remedies for Pet Itching,Home Remedies,1_45,Home Remedies for Molluscum in Children
46,Home Remedies for Pet Itching,Home Remedies,1_46,Home Remedies for Hot Spots on Dogs
47,Homeopathic Treatment for Lyme Disease,Lyme Disease,1_47,Stages of Lyme Disease
48,ICD-9 CODE FOR Healing right proximal humerus fracture,CODE FOR,1_48,POSTAL ZIP CODE FOR MAPLE GROVE MN
49,Is Ben Carson a Seventh Day Adventist,Ben Carson,1_49,What does Ben Carson think about guns?
50,La Jolla Meaning in English,Meaning English,1_50,Meaning of Prestige in English
51,Last hurricane in Myrtle Beach,Myrtle Beach,1_51,What time does roses department store in North Myrtle Beach South Carolina open during the holiday season
52,Latex Mattress Pros and Cons,Pros Cons,1_52,Pros and Cons of Capitalism
53,Method Man New Album 2015,New Album,1_53,David Guetta New Album 2014
54,Method Man New Album 2015,New Album,1_54,Asking Alexandria New Album 2015 Release Date
55,Microsoft Lumia 540 Price,Microsoft Lumia,1_55,Microsoft Lumia best phone with 4G and Specifications price in india
56,Microsoft Lumia 540 Price,Microsoft Lumia,1_56,Microsoft Lumia rue mean
57,Minimum Wage in Manitoba 2015,Minimum Wage,1_57,Portland Minimum Wage 2016
58,Most Searched People on Google,Most Searched,1_58,Most Searched Person on Internet
59,Most Searched People on Google,Most Searched,1_59,Most Searched today on Google
60,Most Searched People on Google,Most Searched,1_60,Most Searched Person on Google
61,Most Searched People on Google,Most Searched,1_61,Most Searched on Bing Today
62,Most Searched People on Google,Most Searched,1_62,Most Searched Name on Internet
63,Most Searched People on Google,Most Searched,1_63,Most Searched People 2013
64,Most Searched People on Google,Most Searched,1_64,Most Searched Thing on Google
65,Most Searched People on Google,Most Searched,1_65,Words Most Searched on Internet
66,Most Searched People on Google,Most Searched,1_66,Most Searched Things of 2014
67,Most Searched People on Google,Most Searched,1_67,Most Commonly Searched Words
68,Most Searched People on Google,Most Searched People,1_68,Most Searched People 2013
69,Most Searched People on Google,Searched People,1_69,Most Searched People 2013
70,Most Searched People on Google,People Google,1_70,Most Popular Things People Google
71,Oz Lotto Results,Lotto Results,1_71,SA Lotto Results
72,Pioneer woman lazy chiles rellenos pan size,chiles rellenos,1_72,where do chiles rellenos come from
73,Pros and Cons of Capitalism,Pros Cons,1_73,Latex Mattress Pros and Cons
74,Remove Recent Search History,Recent Search,1_74,Delete Recent Searches Under Search Bar
75,Remove Recent Search History,Search History,1_75,How to Delete Search History on MSN
76,Remove Recent Search History,Search History,1_76,Clear All Search History Bing
77,Remove Recent Search History,Search History,1_77,Clear Bing Search History
78,Rompope Alcohol Content,Alcohol Content,1_78,Miller 64 Alcohol Content
79,SA Lotto Results,Lotto Results,1_79,Oz Lotto Results
80,SYTYCD Judges Names,Judges Names,1_80,X Factor Judges 2014 Names
81,The Hawaiian Islands were formed from: mountains deltas volcanoes,Hawaiian Islands,1_81,how the Hawaiian Islands were formed and how they are evidence for mantle plumes.
82,The Hawaiian Islands were formed from: mountains deltas volcanoes,Hawaiian Islands,1_82,The Hawaiian Islands are predominantly made up of
83,The Kentucky Lottery Winning Numbers,Lottery Winning,1_83,NJ Lottery Post Winning Numbers
84,The founding of the Chinese Communist Party was directly influenced by,Communist Party,1_84,The “cabinet” of the Communist Party is generally known as
85,The original purpose of the Constitutional Convention of 1787 was to,Constitutional Convention,1_85,The first plan suggested at the Constitutional Convention called for the president to be chosen by
86,Tim Cook Compensation 2014,Tim Cook,1_86,Email of Mr. Tim Cook
87,Tom Hanks son,Tom Hanks,1_87,How Tall is Tom Hanks
88,"Under the original Constitution, Congress could not ban the slave trade until","Constitution, Congress",1_88,"TRUE OR fALSE Under the Constitution, Congress was denied the powers to tax and regulate trade"
89,Vessels that carry blood away from the heart are,Vessels carry,1_89,Vessels that carry blood away from the heart are called quizlet
90,Vessels that carry blood away from the heart are,Vessels carry,1_90,Vessels that carry blood away from the heart are the
91,What does listeria monocytogenes look like,listeria monocytogenes,1_91,types of listeria monocytogenes
92,What does listeria monocytogenes look like,listeria monocytogenes,1_92,structure of listeria monocytogenes
93,What does listeria monocytogenes look like,listeria monocytogenes,1_93,how common is listeria monocytogenes
94,What does listeria monocytogenes look like,listeria monocytogenes,1_94,where does the bacteria listeria monocytogenes come from
95,What does listeria monocytogenes look like,listeria monocytogenes,1_95,taxonomy of bacteria listeria monocytogenes
96,What does listeria monocytogenes look like,listeria monocytogenes,1_96,listeria monocytogenes bacteria characteristics
97,What does listeria monocytogenes look like,listeria monocytogenes,1_97,listeria monocytogenes virulence factors
98,What is the difference between mid-ocean ridges and trenches?,mid-ocean ridges,1_98,where do mid-ocean ridges and ocean trenches form
99,Who Made the Heisman Trophy,Heisman Trophy,1_99,Who won the Heisman Trophy
100,Who won the Heisman Trophy,Heisman Trophy,1_100,Who Made the Heisman Trophy
101,Why are seasonal fluctuations in atmospheric CO2 much more pronounced in the northern hemisphere compared to the southern hemisphere,atmospheric CO2,1_101,Who is the scientist who first showed the impact of changing levels of CO2 on atmospheric temperature
102,Withania Side Effects,Side Effects,1_102,Side Effects of Ergot Poisoning
103,Withania Side Effects,Side Effects,1_103,Lisinopril Side Effects
104,Withania Side Effects,Side Effects,1_104,Common Side Effects for Xanax
105,Withania Side Effects,Side Effects,1_105,Essure Side Effects
106,Withania Side Effects,Side Effects,1_106,Common Side Effects of Tramadol
107,Withania Side Effects,Side Effects,1_107,Side Effects of General Anesthesia
108,Withania Side Effects,Side Effects,1_108,Hemo Rage Black Side Effects
109,Withania Side Effects,Side Effects,1_109,Colchicine 0.6 mg Side Effects
110,Withania Side Effects,Side Effects,1_110,Ketamine Infusion Side Effects
111,Withania Side Effects,Side Effects,1_111,Vitex Agnus Castus Side Effects
112,Withania Side Effects,Side Effects,1_112,Side Effects of Taking Multivitamins
113,Withania Side Effects,Side Effects,1_113,Omeprazole Withdrawal Side Effects
114,abiotic factors the help the Borneo elephants to survive,abiotic factors,1_114,how do the biotic and abiotic limiting factors of an ecosystem determine its carrying capacity?
115,abiotic factors the help the Borneo elephants to survive,abiotic factors,1_115,polar bears abiotic factors
116,abiotic factors the help the Borneo elephants to survive,abiotic factors,1_116,abiotic factors that live in water
117,abiotic factors the help the Borneo elephants to survive,abiotic factors,1_117,are ocelots abiotic factors or biotic factors
118,abiotic factors the help the Borneo elephants to survive,abiotic factors,1_118,abiotic and bitic factors in the rainforest
119,abiotic factors the help the Borneo elephants to survive,abiotic factors,1_119,abiotic factors definition biology
120,abiotic factors the help the Borneo elephants to survive,abiotic factors,1_120,which abiotic factors limit the extent of temperate deciduous forests
121,abiotic factors the help the Borneo elephants to survive,abiotic factors,1_121,abiotic factors for humans
122,abiotic factors the help the Borneo elephants to survive,abiotic factors,1_122,abiotic factors in the african savanna
123,abiotic factors the help the Borneo elephants to survive,abiotic factors,1_123,describe the major abiotic factors that produce earth's main climate zones
124,abiotic factors the help the Borneo elephants to survive,abiotic factors,1_124,why are limiting factors abiotic
125,abiotic factors the help the Borneo elephants to survive,abiotic factors,1_125,abiotic factors in the subtropical rainforest
126,acanthosis nigricans symptoms,acanthosis nigricans,1_126,acanthosis nigricans in labia
127,acanthosis nigricans symptoms,acanthosis nigricans,1_127,can acanthosis nigricans appear on the labia
128,actors who played j.d. salinger in movies,j.d. salinger,1_128,why did j.d. salinger incorporate M.D.D in holden
129,actress pauley perrette net worth,pauley perrette,1_129,pauley perrette height and weight
130,actress pauley perrette net worth,pauley perrette,1_130,was pauley perrette pregnant
131,actress pauley perrette net worth,pauley perrette,1_131,did ncis fire pauley perrette
132,acute kidney rejection symptoms,acute kidney,1_132,causes of prerenal acute kidney injury
133,acute kidney rejection symptoms,acute kidney,1_133,prerenal causes of acute kidney injury
134,acute kidney rejection symptoms,acute kidney,1_134,_____ is an acute pain in the kidney area that is caused by blockage during the passage of a nephrolith.
135,acute kidney rejection symptoms,acute kidney,1_135,signs of cat with acute kidney failure
136,acute kidney rejection symptoms,acute kidney,1_136,causes of intrarenal acute kidney injury
137,acute kidney rejection symptoms,acute kidney,1_137,symptoms of acute kidney failure
138,acute kidney rejection symptoms,acute kidney,1_138,icd code acute kidney injury
139,acute tubular necrosis symptoms,tubular necrosis,1_139,definition of tubular necrosis
140,adele hello lyrics,adele hello,1_140,hello adele h lyrics
141,adele hello lyrics,adele hello,1_141,hello adele live
142,adele hello lyrics,adele hello,1_142,hello adele lyrics
143,adele hello lyrics,hello lyrics,1_143,hello adele h lyrics
144,adele hello lyrics,hello lyrics,1_144,hello sir lyrics by the chain smokers
145,adele hello lyrics,hello lyrics,1_145,hello adele lyrics
146,adele hello lyrics,hello lyrics,1_146,lyrics to you had me from hello by kenny
147,adele hello lyrics,hello lyrics,1_147,hello goodbye hyorin lyrics
148,advance ignition timing will often cause an engine to run hot,ignition timing,1_148,how to set ignition timing points
149,advance ignition timing will often cause an engine to run hot,ignition timing,1_149,how to set ignition timing with adjustable cam
150,aftermarket panoramic sunroof cost,panoramic sunroof,1_150,panoramic sunroof definition
151,age of reese witherspoon's daughter,reese witherspoon's,1_151,who was reese witherspoon's first husband
152,age of reese witherspoon's daughter,reese witherspoon's,1_152,how old is reese witherspoon's daughter
153,are architectural drawings sufficient for construction,architectural drawings,1_153,average cost of home architectural drawings
154,are architectural drawings sufficient for construction,architectural drawings,1_154,how to determine the direction of steps in architectural drawings
155,are architectural drawings sufficient for construction,architectural drawings,1_155,different types of architectural drawings
156,are asians lactose intolerant,lactose intolerant,1_156,can someone become lactose intolerant
157,are asians lactose intolerant,lactose intolerant,1_157,is a good source of calcium for a person who is lactose intolerant
158,are asians lactose intolerant,lactose intolerant,1_158,can i randomly become lactose intolerant
159,are asians lactose intolerant,lactose intolerant,1_159,which nationalities are lactose intolerant
160,are asians lactose intolerant,lactose intolerant,1_160,why are so many people lactose intolerant
161,are asians lactose intolerant,lactose intolerant,1_161,how long does it take to become lactose intolerant
162,are asians lactose intolerant,lactose intolerant,1_162,can lactose intolerant people have butter
163,are asians lactose intolerant,lactose intolerant,1_163,are most people in the world lactose intolerant
164,are asians lactose intolerant,lactose intolerant,1_164,are eggs allowed if one is lactose intolerant
165,are aztecs mayans native americans,aztecs mayans,1_165,who discovered chocolate aztecs or mayans
166,are blue tailed skink lizards habitat,skink lizards,1_166,how fast do skink lizards grow
167,are canker sores caused by a virus,canker sores,1_167,why do canker sores take so long to heal
168,are canker sores caused by a virus,canker sores,1_168,why do you get canker sores in your mouth
169,are canker sores caused by a virus,canker sores,1_169,canker sores medicine
170,are canker sores caused by a virus,canker sores,1_170,does orajel help heal canker sores
171,are canker sores caused by a virus,canker sores,1_171,why do canker sores appear
172,are canker sores caused by a virus,canker sores,1_172,milk of magnesia and benadryl for canker sores
173,are canker sores caused by a virus,canker sores,1_173,how to make canker sores go away fast
174,are canker sores caused by a virus,canker sores,1_174,invisalign canker sores
175,are canker sores caused by a virus,canker sores,1_175,why do canker sores always happen in the same place on my tongue?
176,are canker sores caused by a virus,canker sores,1_176,symptoms of canker sores in mouth
177,are canker sores caused by a virus,canker sores,1_177,can canker sores cause ear aches
178,are canker sores caused by a virus,canker sores,1_178,"symptoms: multiple canker sores in mouth, dizziness, flu symptoms"
179,are canker sores caused by a virus,canker sores,1_179,how do canker sores occur
180,are canker sores caused by a virus,canker sores,1_180,foods that prevent canker sores
181,are canker sores caused by a virus,canker sores,1_181,can Crestor cause canker sores
182,are canker sores caused by a virus,canker sores,1_182,foods that cause canker sores
183,are canker sores caused by a virus,canker sores,1_183,treatment for canker sores
184,are canker sores caused by a virus,canker sores,1_184,can grapes cause canker sores
185,are canker sores caused by a virus,canker sores,1_185,can tooth decay cause canker sores
186,are canker sores caused by a virus,canker sores,1_186,how are canker sores formed
187,are canker sores caused by a virus,canker sores,1_187,can retin a gel used in for canker sores in the mouth
188,are canker sores caused by a virus,canker sores,1_188,can canker sores cause hiv
189,are canker sores caused by a virus,canker sores,1_189,where in the mouth do canker sores appear
190,are canker sores caused by a virus,canker sores,1_190,medicine for canker sores in mouth
191,are canker sores caused by a virus,canker sores,1_191,where are canker sores in the mouth on palate
192,are canker sores caused by a virus,canker sores,1_192,can canker sores cause sore throat
193,are canker sores caused by a virus,canker sores,1_193,do canker sores have pus in them
194,are canker sores caused by a virus,canker sores,1_194,does tums help with canker sores
195,are fear of flying phobia covered under ada,fear flying,1_195,remedy for fear of flying
196,are fear of flying phobia covered under ada,fear flying,1_196,will nyquil help with fear of flying
197,are garter snake - thamnophis sirtalis harmful to dogs,garter snake,1_197,where is the san francisco garter snake found
198,are garter snake - thamnophis sirtalis harmful to dogs,garter snake,1_198,is a garter snake venomous
199,are garter snake - thamnophis sirtalis harmful to dogs,garter snake,1_199,how many babies can a garter snake have
200,are garter snake - thamnophis sirtalis harmful to dogs,garter snake,1_200,how many baby does a garter snake have
201,are kittens born without fur,kittens born,1_201,why are kittens born blind
202,are kittens born without fur,kittens born,1_202,cattery business how to account for kittens born
203,are kittens born without fur,kittens born,1_203,how long after you feel kittens move will they be born
204,are kittens born without fur,kittens born,1_204,how long does it take for kittens to be born
205,are kittens born without fur,kittens born,1_205,how long does it take for all kittens to be born
206,are kittens born without fur,kittens born,1_206,how long before kittens are born
207,are nutrients available in peat moss,peat moss,1_207,how do we use peat moss for planting flowers
208,are nutrients available in peat moss,peat moss,1_208,can peat moss be used in vegetable garden
209,are nutrients available in peat moss,peat moss,1_209,difference between peat moss and sphagnum peat moss
210,are nutrients available in peat moss,peat moss,1_210,does peat moss keep away birds
211,are nutrients available in peat moss,peat moss,1_211,is peat moss acidic
212,are nutrients available in peat moss,peat moss,1_212,is peat moss sustainable
213,are nutrients available in peat moss,peat moss,1_213,is peat moss considered a mineral
214,average cost of a shiba inu,shiba inu,1_214,price of shiba inu puppies
215,average cost of a shiba inu,shiba inu,1_215,how long do shiba inu dogs live
216,average cost of a shiba inu,shiba inu,1_216,how FAST to walk shiba inu
217,average cost of a shiba inu,shiba inu,1_217,where to buy a shiba inu puppy
218,average cost of a shiba inu,shiba inu,1_218,red shiba inu or finishing spritz
219,average cost of a shiba inu,shiba inu,1_219,how big does a shiba inu get
220,average cost of benjamin moore paint,benjamin moore,1_220,cost of benjamin moore per gallon regal select
221,average cost of benjamin moore paint,benjamin moore,1_221,who was benjamin moore
222,average cost of benjamin moore paint,benjamin moore,1_222,most popular benjamin moore colors
223,average cost of benjamin moore paint,benjamin moore,1_223,benjamin moore cape cod colors
224,average cost of benjamin moore paint,benjamin moore,1_224,how long do you let dry in between coats of benjamin moore floor and patio paint
225,average cost of kitchen remodel with wall removal,wall removal,1_225,does removal of structural wall require building regs
226,average cost of overnight stay in hospital,overnight stay,1_226,cost of hospital stay overnight
227,average cost of overnight stay in hospital,overnight stay,1_227,can I stay overnight in the walmart parking lot?
228,average cost of overnight stay in hospital,overnight stay,1_228,can i stay on private boat at norfolkbroads marina overnight
229,average cost of overnight stay in hospital,overnight stay,1_229,price for overnight hospital stay
230,average cost of overnight stay in hospital,overnight stay hospital,1_230,cost of hospital stay overnight
231,average cost of overnight stay in hospital,overnight stay hospital,1_231,price for overnight hospital stay
232,average cost of overnight stay in hospital,stay hospital,1_232,average hospital stay for gastric bypass
233,average cost of overnight stay in hospital,stay hospital,1_233,how much coes it cost to stay in a hospital room per day without insurence
234,average cost of overnight stay in hospital,stay hospital,1_234,average cost of hospital stay per day for sepsis'
235,average cost of overnight stay in hospital,stay hospital,1_235,mcdowell hospital length of stay numbers
236,average cost of overnight stay in hospital,stay hospital,1_236,cost of hospital stay
237,average cost of overnight stay in hospital,stay hospital,1_237,average cost of hospital stay per day for cancer'
238,average cost of overnight stay in hospital,stay hospital,1_238,how much does an average stay in the hospital cost?
239,average cost of overnight stay in hospital,stay hospital,1_239,how long is hospital stay for angioplasty
240,average cost of overnight stay in hospital,stay hospital,1_240,how long do you stay in the hospital after bariatric surgery
241,average cost of overnight stay in hospital,stay hospital,1_241,average hospital stay and flu
242,average cost of overnight stay in hospital,stay hospital,1_242,average hospital stay cost
243,average cost of overnight stay in hospital,stay hospital,1_243,how much does hospital stay cost
244,average cost of overnight stay in hospital,stay hospital,1_244,how long do i stay in hospital after c section
245,average cost of overnight stay in hospital,stay hospital,1_245,how long do you have to stay in the hospital for medicare to pay
246,average cost of overnight stay in hospital,stay hospital,1_246,how much does it cost for one person to stay in the hospital
247,average cost of overnight stay in hospital,stay hospital,1_247,how long would a mom stay in the hospital after a c section
248,average cost of overnight stay in hospital,stay hospital,1_248,does va cover hospital stay
249,average cost of overnight stay in hospital,stay hospital,1_249,daily average cost of hospital stay
250,average cost of overnight stay in hospital,stay hospital,1_250,how long must you stay in the hospital before medicare will cover  a nursing home stay
251,average cost of overnight stay in hospital,stay hospital,1_251,cms average cost of inpatient hospital stay
252,average cost of overnight stay in hospital,stay hospital,1_252,typical average daily cost of a hospital stay
253,average cost of overnight stay in hospital,stay hospital,1_253,how does medicare pay for a hospital stay after surgery?
254,average cost of overnight stay in hospital,stay hospital,1_254,average cost for hospital stay
255,average cost of overnight stay in hospital,stay hospital,1_255,how long can a medicare member stay in the hospital
256,average cost of overnight stay in hospital,stay hospital,1_256,hip replacement how long is hospital stay
257,average cost of overnight stay in hospital,stay hospital,1_257,how long hospital stay for hysterectomy
258,average cost of overnight stay in hospital,stay hospital,1_258,typical hospital stay after baby circumcision
259,average cost of overnight stay in hospital,stay hospital,1_259,how long is a typical hospital stay after a c-section delivery
260,average cost of overnight stay in hospital,stay hospital,1_260,how long is stay in hospital for rectocele
261,average cost of overnight stay in hospital,stay hospital,1_261,how much does a normal newborn stay cost the hospital
262,average cost of overnight stay in hospital,stay hospital,1_262,average cost of hospital stay for pneumonia
263,average cost of overnight stay in hospital,stay hospital,1_263,who pays for an under observation hospital stay
264,average cost of overnight stay in hospital,stay hospital,1_264,average daily cost of hospital stay
265,average cost of overnight stay in hospital,stay hospital,1_265,average cost of hospital stay per day 2015
266,average cost of overnight stay in hospital,stay hospital,1_266,price for overnight hospital stay
267,average cost of overnight stay in hospital,stay hospital,1_267,how long do you stay in hospital after an appendectomy
268,average cost of overnight stay in hospital,stay hospital,1_268,how long do you stay in hospital after a c section uk
269,average cost of overnight stay in hospital,stay hospital,1_269,aflac pays how much for hospital stay
270,average cost of overnight stay in hospital,stay hospital,1_270,how long do you stay in hospital after appendix removal
271,average cost of overnight stay in hospital,stay hospital,1_271,how long is a hip replacement hospital stay
272,average cost of overnight stay in hospital,stay hospital,1_272,how long do you stay in hospital after giving birth blessing hospital
273,average cost of overnight stay in hospital,stay hospital,1_273,how long can observation hospital stay last
274,average cost of overnight stay in hospital,stay hospital,1_274,cost of hospital stay overnight
275,average cost of overnight stay in hospital,stay hospital,1_275,definition of inpatient hospital stay
276,average cost of overnight stay in hospital,stay hospital,1_276,how much does medicare pay for hospital stay
277,average cost of overnight stay in hospital,stay hospital,1_277,how long a stay in hospital after surgery for partial prolapse of rectum
278,average cost of overnight stay in hospital,stay hospital,1_278,how long do you stay in the hospital after open heart surgery
279,average cost of overnight stay in hospital,stay hospital,1_279,how much to people on medicare pay for a hospital stay
280,average cost of overnight stay in hospital,stay hospital,1_280,average length hospital stay trauma femur fracture
281,average cost of overnight stay in hospital,stay hospital,1_281,length of flu related hospital stay
282,average cost of overnight stay in hospital,stay hospital,1_282,average daily cost for hospital stay
283,average cost of overnight stay in hospital,stay hospital,1_283,average cost of a stay on mental health hospital
284,average cost of overnight stay in hospital,stay hospital,1_284,cost of hospital stay in canada for visitors
285,average cost of overnight stay in hospital,stay hospital,1_285,why do I have shortness of breath and swollen abdomen after hospital stay
286,average cost of overnight stay in hospital,stay hospital,1_286,"average daily cost of hospital stay in San Jose, Ca"
287,average cost of waterproofing your basement,waterproofing basement,1_287,cost waterproofing basement
288,average food cost in athens greece,athens greece,1_288,where does rick steves group stay at in athens greece
289,average food cost in athens greece,athens greece,1_289,cost of a meal in athens greece
290,average food cost in athens greece,athens greece,1_290,average weather in athens greece in june
291,average food cost in athens greece,athens greece,1_291,on which continent is athens greece located
292,average food cost in athens greece,athens greece,1_292,how far is the metro from the cruise ship dock in athens greece
293,average food cost in athens greece,athens greece,1_293,average forecast for june in athens greece
294,average food cost in athens greece,athens greece,1_294,was athens in ancient greece
295,average food cost in athens greece,athens greece,1_295,distance between athens greece and portuguese
296,average food cost in athens greece,athens greece,1_296,weather in athens greece in march
297,average food cost in athens greece,athens greece,1_297,how far is athens greece by airplane?
298,average gre scores percentile,gre scores,1_298,average gre scores for grad schools
299,average gre scores percentile,gre scores,1_299,average gre scores ut austin
300,average gre scores percentile,gre scores,1_300,how to obtain gre scores
301,average gre scores percentile,gre scores,1_301,how long does it take to get gre scores back
302,average gre scores percentile,gre scores,1_302,gre average scores
303,average gre scores percentile,gre scores,1_303,how long to get gre scores back
304,average gre scores percentile,gre scores,1_304,how long does it take for your gre scores to show up online
305,average gre scores percentile,gre scores,1_305,how long does it take to get gre scores sent
306,average gre scores percentile,gre scores,1_306,average gre scores stanford gse
307,average gre scores percentile,gre scores,1_307,how long do the scores for gre take
308,average gre scores percentile,gre scores,1_308,average gre scores by major
309,average gre scores percentile,gre scores,1_309,how fast to get gre scores back
310,average gre scores percentile,gre scores,1_310,average gre scores dpt
311,average gre scores percentile,gre scores,1_311,average gre scores for chemistry uc davis
312,average gre scores percentile,gre scores,1_312,how long does it take the gre to send scores
313,average gre scores percentile,gre scores,1_313,highest possible gre scores
314,average gre scores percentile,gre scores,1_314,analytical writing gre average scores
315,average length of adult male bengal tiger claws,bengal tiger,1_315,strengh of bengal tiger
316,average length of adult male bengal tiger claws,bengal tiger,1_316,scientific name of a bengal tiger
317,average length of adult male bengal tiger claws,bengal tiger,1_317,bengal tiger where they live
318,average length of adult male bengal tiger claws,bengal tiger,1_318,why white bengal tiger are hunted
319,average length of adult male bengal tiger claws,bengal tiger,1_319,difference between sumatran tiger and bengal tiger
320,average salary for a major league baseball player,baseball player,1_320,how much does a baseball player make for being drafted
321,average salary for a major league baseball player,baseball player,1_321,who was the first african american baseball player in the major leagues
322,average salary for a major league baseball player,baseball player,1_322,highest paid professional baseball player
323,average salary for a major league baseball player,baseball player,1_323,who is the baseball player bernard gilkey
324,average salary for a major league baseball player,baseball player,1_324,youngest player to hit a homerun in major league baseball
325,average salary for a major league baseball player,baseball player,1_325,who is the tallest baseball player
326,average salary for a major league baseball player,baseball player,1_326,which is the only player that faces all of his teammates on the field in baseball
327,average salary for a major league baseball player,baseball player,1_327,who is the highest paid player in baseball
328,average salary for a major league baseball player,baseball player,1_328,utility player baseball definition
329,average salary for a major league baseball player,baseball player,1_329,who was the black baseball player before jackie robinson
330,average salary for a major league baseball player,baseball player,1_330,who was black baseball player that was known for cocking his arm while batting
331,average salary for a major league baseball player,baseball player,1_331,died baseball player
332,average salary for a major league baseball player,baseball player,1_332,who was the baseball player who sharpened his spikes
333,average salary for a major league baseball player,baseball player,1_333,how much does a professional baseball player make a year
334,average salary for a major league baseball player,baseball player,1_334,average pay for hillcats baseball player
335,average salary for a major league baseball player,baseball player,1_335,who is the oldest baseball player
336,average salary for a major league baseball player,baseball player,1_336,highest paid american baseball player
337,average salary for a major league baseball player,baseball player,1_337,who was the first baseball player to hit a homerun
338,average salary for a major league baseball player,baseball player,1_338,youngest player currently in baseball hall of fame
339,average salary for a major league baseball player,baseball player,1_339,minor league baseball player named steve dalkowski
340,average salary for a major league baseball player,baseball player,1_340,highest major league baseball player salaries
341,average salary for a major league baseball player,baseball player,1_341,youngest player to ever play in the world baseball classic
342,average salary for a major league baseball player,baseball player,1_342,how much do professional baseball player make
343,average salary for a major league baseball player,baseball player,1_343,how much does a minor league baseball player make
344,average salary for a major league baseball player,baseball player,1_344,average baseball player salary
345,average salary for a major league baseball player,baseball player,1_345,are baseball player getting paid too much
346,average salary for a major league baseball player,baseball player,1_346,average pro baseball player salary
347,average salary for a major league baseball player,baseball player,1_347,how much does a aaa baseball player make
348,average salary for a major league baseball player,baseball player,1_348,how tall is the tallest baseball player ever
349,average salary for a major league baseball player,baseball player,1_349,who is the tallest baseball player in history
350,average salary for a major league baseball player,baseball player,1_350,how much is alex rodriguez the baseball player worth
351,average salary for a major league baseball player,baseball player,1_351,who was the first female baseball player
352,average salary for a walmart manager,walmart manager,1_352,how much assistant manager at walmart make
353,average salary for a walmart manager,walmart manager,1_353,how much does a walmart manager make
354,average salary for a walmart manager,walmart manager,1_354,average salary of walmart manager
355,average salary for a walmart manager,walmart manager,1_355,walmart store manager salary
356,average salary for a walmart manager,walmart manager,1_356,how much does hardware department manager make at walmart
357,average salary for a walmart manager,walmart manager,1_357,walmart assistant manager hours
358,average salary hospital pharmacist australia,pharmacist australia,1_358,pharmacist salary australia payscale
359,average salary of a corrections officer,corrections officer,1_359,most paid corrections officer
360,average salary of a corrections officer,corrections officer,1_360,nj corrections officer salary
361,average salary of a corrections officer,corrections officer,1_361,how old do you have to be to be a corrections officer
362,average salary of a corrections officer,corrections officer,1_362,who is psl corrections executive officer
363,average salary of a corrections officer,corrections officer,1_363,how much does a corrections officer earn
364,average salary of a corrections officer,corrections officer,1_364,average salary of a new jersey corrections officer
365,average salary of goldman sachs investment banker,goldman sachs,1_365,average starting salary at goldman sachs
366,average salary of goldman sachs investment banker,goldman sachs,1_366,salary goldman sachs vice president
367,average salary of goldman sachs investment banker,goldman sachs,1_367,goldman sachs contact number
368,average salary of goldman sachs investment banker,goldman sachs,1_368,does goldman sachs pay interns overtime
369,average salary of goldman sachs investment banker,goldman sachs,1_369,goldman sachs cd rates
370,average salary of goldman sachs investment banker,goldman sachs,1_370,average salary goldman sachs
371,average salary of goldman sachs investment banker,goldman sachs,1_371,goldman sachs energy
372,average salary of goldman sachs investment banker,goldman sachs,1_372,does goldman sachs use microsoft outlook?
373,average salary of goldman sachs investment banker,goldman sachs,1_373,why does goldman sachs support democrats
374,average salary of goldman sachs investment banker,goldman sachs,1_374,goldman sachs starting salary
375,average salary of goldman sachs investment banker,goldman sachs,1_375,how much did goldman sachs pay hillary clinton
376,average salary of goldman sachs investment banker,goldman sachs,1_376,goldman sachs trading platform
377,average salary of goldman sachs investment banker,goldman sachs,1_377,marcus goldman sachs routing number
